I0NSERT INTO public."Uoms" ("Id", "Name", "CreatedBy", "CreatedDate", "LastModifiedBy", "LastModifiedDate") VALUES (1, 'Grams', null, '2024-02-13 17:52:22.476355 +00:00', null, '2024-02-13 17:52:22.476361 +00:00');


INSERT INTO public."Food" ("Id", "Name", "CarbohydrateAmount", "ProteinAmount", "FatAmount", "Quantity", "QuantityInGrams", "DefaultQuantity", "UomId") VALUES (2, 'Hovis', 40, 10, 8, 100, 100, null, 1);
INSERT INTO public."Food" ("Id", "Name", "CarbohydrateAmount", "ProteinAmount", "FatAmount", "Quantity", "QuantityInGrams", "DefaultQuantity", "UomId") VALUES (3, 'Apple', 14, 0.3, 0.3, 100, 100, null, 1);
INSERT INTO public."Food" ("Id", "Name", "CarbohydrateAmount", "ProteinAmount", "FatAmount", "Quantity", "QuantityInGrams", "DefaultQuantity", "UomId") VALUES (4, 'Arrabiata Sauce Barilla', 5.5, 1.4, 3.1, 100, 100, null, 1);
INSERT INTO public."Food" ("Id", "Name", "CarbohydrateAmount", "ProteinAmount", "FatAmount", "Quantity", "QuantityInGrams", "DefaultQuantity", "UomId") VALUES (5, 'Arla Kvarg Vanilj', 4, 9.7, 0.2, 100, 100, 40, 1);
INSERT INTO public."Food" ("Id", "Name", "CarbohydrateAmount", "ProteinAmount", "FatAmount", "Quantity", "QuantityInGrams", "DefaultQuantity", "UomId") VALUES (6, 'Banana', 23, 1, 0.1, 100, 100, null, 1);
INSERT INTO public."Food" ("Id", "Name", "CarbohydrateAmount", "ProteinAmount", "FatAmount", "Quantity", "QuantityInGrams", "DefaultQuantity", "UomId") VALUES (7, 'Basmati Rice', 52, 5, 0.1, 100, 100, null, 1);
INSERT INTO public."Food" ("Id", "Name", "CarbohydrateAmount", "ProteinAmount", "FatAmount", "Quantity", "QuantityInGrams", "DefaultQuantity", "UomId") VALUES (8, 'Blueberries', 7.6, 0.5, 0.5, 100, 100, null, 1);
INSERT INTO public."Food" ("Id", "Name", "CarbohydrateAmount", "ProteinAmount", "FatAmount", "Quantity", "QuantityInGrams", "DefaultQuantity", "UomId") VALUES (9, 'Bran Flakes', 65, 11, 2.2, 100, 100, null, 1);
INSERT INTO public."Food" ("Id", "Name", "CarbohydrateAmount", "ProteinAmount", "FatAmount", "Quantity", "QuantityInGrams", "DefaultQuantity", "UomId") VALUES (10, 'Bread', 44, 10, 4, 100, 100, 80, 1);
INSERT INTO public."Food" ("Id", "Name", "CarbohydrateAmount", "ProteinAmount", "FatAmount", "Quantity", "QuantityInGrams", "DefaultQuantity", "UomId") VALUES (11, 'Breggott', 0.4, 0.4, 75, 100, 100, null, 1);
INSERT INTO public."Food" ("Id", "Name", "CarbohydrateAmount", "ProteinAmount", "FatAmount", "Quantity", "QuantityInGrams", "DefaultQuantity", "UomId") VALUES (12, 'Bulgur', 76, 12, 1.3, 100, 100, null, 1);
INSERT INTO public."Food" ("Id", "Name", "CarbohydrateAmount", "ProteinAmount", "FatAmount", "Quantity", "QuantityInGrams", "DefaultQuantity", "UomId") VALUES (13, 'Chicken Breast', 0.1, 23, 0.1, 100, 100, null, 1);
INSERT INTO public."Food" ("Id", "Name", "CarbohydrateAmount", "ProteinAmount", "FatAmount", "Quantity", "QuantityInGrams", "DefaultQuantity", "UomId") VALUES (14, 'Chilli', 6.5, 7.8, 1.5, 100, 100, 255, 1);
INSERT INTO public."Food" ("Id", "Name", "CarbohydrateAmount", "ProteinAmount", "FatAmount", "Quantity", "QuantityInGrams", "DefaultQuantity", "UomId") VALUES (17, 'Raisins', 77, 2.5, 0.1, 100, 100, null, 1);
INSERT INTO public."Food" ("Id", "Name", "CarbohydrateAmount", "ProteinAmount", "FatAmount", "Quantity", "QuantityInGrams", "DefaultQuantity", "UomId") VALUES (20, 'Chicken Breast', 0.1, 23, 0.1, 100, 100, null, 1);
INSERT INTO public."Food" ("Id", "Name", "CarbohydrateAmount", "ProteinAmount", "FatAmount", "Quantity", "QuantityInGrams", "DefaultQuantity", "UomId") VALUES (21, 'Bulgur Cooked', 28.84, 4.8, 0.4, 100, 100, null, 1);
INSERT INTO public."Food" ("Id", "Name", "CarbohydrateAmount", "ProteinAmount", "FatAmount", "Quantity", "QuantityInGrams", "DefaultQuantity", "UomId") VALUES (22, 'Tortilla', 55, 8.3, 4.9, 100, 100, null, 1);
INSERT INTO public."Food" ("Id", "Name", "CarbohydrateAmount", "ProteinAmount", "FatAmount", "Quantity", "QuantityInGrams", "DefaultQuantity", "UomId") VALUES (24, 'Frozen Strawberries', 6.4, 0.5, 0.5, 100, 100, null, 1);
INSERT INTO public."Food" ("Id", "Name", "CarbohydrateAmount", "ProteinAmount", "FatAmount", "Quantity", "QuantityInGrams", "DefaultQuantity", "UomId") VALUES (26, 'Kilmeaden', 0.1, 25.5, 32, 100, 100, null, 1);
INSERT INTO public."Food" ("Id", "Name", "CarbohydrateAmount", "ProteinAmount", "FatAmount", "Quantity", "QuantityInGrams", "DefaultQuantity", "UomId") VALUES (19, 'Huel', 39, 30, 12, 100, 0, null, 1);
INSERT INTO public."Food" ("Id", "Name", "CarbohydrateAmount", "ProteinAmount", "FatAmount", "Quantity", "QuantityInGrams", "DefaultQuantity", "UomId") VALUES (27, 'Chili sauce only', 9, 4, 1, 100, 0, null, 1);
INSERT INTO public."Food" ("Id", "Name", "CarbohydrateAmount", "ProteinAmount", "FatAmount", "Quantity", "QuantityInGrams", "DefaultQuantity", "UomId") VALUES (28, 'Quorn mince', 1.7, 14, 2.6, 100, 0, null, 1);
INSERT INTO public."Food" ("Id", "Name", "CarbohydrateAmount", "ProteinAmount", "FatAmount", "Quantity", "QuantityInGrams", "DefaultQuantity", "UomId") VALUES (25, 'Granola', 50, 8.7, 15, 100, 0, null, 1);
INSERT INTO public."Food" ("Id", "Name", "CarbohydrateAmount", "ProteinAmount", "FatAmount", "Quantity", "QuantityInGrams", "DefaultQuantity", "UomId") VALUES (1, 'Peanut Butter estrella ', 15.6, 24.8, 46, 100, 0, null, 1);
INSERT INTO public."Food" ("Id", "Name", "CarbohydrateAmount", "ProteinAmount", "FatAmount", "Quantity", "QuantityInGrams", "DefaultQuantity", "UomId") VALUES (23, 'Oil', 0, 0, 100, 100, 0, null, 1);
INSERT INTO public."Food" ("Id", "Name", "CarbohydrateAmount", "ProteinAmount", "FatAmount", "Quantity", "QuantityInGrams", "DefaultQuantity", "UomId") VALUES (29, 'Casein van', 6.5, 80, 1, 0, 0, null, 1);
INSERT INTO public."Food" ("Id", "Name", "CarbohydrateAmount", "ProteinAmount", "FatAmount", "Quantity", "QuantityInGrams", "DefaultQuantity", "UomId") VALUES (30, 'Egg', 0.4, 12, 9.7, 100, 0, null, 1);
INSERT INTO public."Food" ("Id", "Name", "CarbohydrateAmount", "ProteinAmount", "FatAmount", "Quantity", "QuantityInGrams", "DefaultQuantity", "UomId") VALUES (31, 'CHANA DAL WITH LENTILS', 8, 3.2, 0.6, 100, 0, null, 1);
INSERT INTO public."Food" ("Id", "Name", "CarbohydrateAmount", "ProteinAmount", "FatAmount", "Quantity", "QuantityInGrams", "DefaultQuantity", "UomId") VALUES (18, 'Philadelphia', 4.3, 5.4, 21, 100, 0, null, 1);
INSERT INTO public."Food" ("Id", "Name", "CarbohydrateAmount", "ProteinAmount", "FatAmount", "Quantity", "QuantityInGrams", "DefaultQuantity", "UomId") VALUES (32, 'Weetabix100', 69, 12, 2, 100, 0, null, 1);
INSERT INTO public."Food" ("Id", "Name", "CarbohydrateAmount", "ProteinAmount", "FatAmount", "Quantity", "QuantityInGrams", "DefaultQuantity", "UomId") VALUES (16, 'Milk', 4.9, 3.5, 1.5, 100, 0, null, 1);
INSERT INTO public."Food" ("Id", "Name", "CarbohydrateAmount", "ProteinAmount", "FatAmount", "Quantity", "QuantityInGrams", "DefaultQuantity", "UomId") VALUES (33, 'Oats', 60, 12, 7, 100, 0, null, 1);
INSERT INTO public."Food" ("Id", "Name", "CarbohydrateAmount", "ProteinAmount", "FatAmount", "Quantity", "QuantityInGrams", "DefaultQuantity", "UomId") VALUES (15, 'Weetabix', 2600, 4.5, 0.8, 100, 0, null, 1);
INSERT INTO public."Food" ("Id", "Name", "CarbohydrateAmount", "ProteinAmount", "FatAmount", "Quantity", "QuantityInGrams", "DefaultQuantity", "UomId") VALUES (34, 'Whey80', 5.4, 73.4, 6.8, 100, 0, null, 1);
INSERT INTO public."Food" ("Id", "Name", "CarbohydrateAmount", "ProteinAmount", "FatAmount", "Quantity", "QuantityInGrams", "DefaultQuantity", "UomId") VALUES (35, 'Anamma mince', 4.6, 17, 9.8, 100, 0, null, 1);



INSERT INTO public."DailyLimits" ("Id", "Calories", "WeightInKg", "WeekdaysMealsPerDay", "WeekendMealsPerDay", "CreatedBy", "CreatedDate", "LastModifiedBy", "LastModifiedDate") VALUES ('00000000-0000-0000-0000-000000000000', 1875, 73.5, 5, 5, null, '2024-02-19 05:42:08.404442 +00:00', null, '2024-02-19 05:42:08.404447 +00:00');




INSERT INTO public."Days" ("Id", "Date", "Protein", "Carbohydrate", "Fat", "AllowedProtein", "AllowedCarbohydrate", "AllowedFat", "MealCount") VALUES ('93c6b232-744a-40ae-851c-2cf07bd75e3f', '2024-02-13', 10, 10, 10, 100, 100, 100, 1);
INSERT INTO public."Days" ("Id", "Date", "Protein", "Carbohydrate", "Fat", "AllowedProtein", "AllowedCarbohydrate", "AllowedFat", "MealCount") VALUES ('8c9784ce-7ecf-4647-8ac2-0ccc78c1e7f0', '2024-02-15', 17.57, 52.59, 14.47, 144, 343, 50, 0);
INSERT INTO public."Days" ("Id", "Date", "Protein", "Carbohydrate", "Fat", "AllowedProtein", "AllowedCarbohydrate", "AllowedFat", "MealCount") VALUES ('7c14290c-08a6-4160-a971-2f95e5527d24', '2024-02-18', 48.239999999999995, 105.73, 21.78, 144, 343, 50, 0);
INSERT INTO public."Days" ("Id", "Date", "Protein", "Carbohydrate", "Fat", "AllowedProtein", "AllowedCarbohydrate", "AllowedFat", "MealCount") VALUES ('11b4930f-7e33-480f-b60e-5f2be0565efa', '2024-02-20', 53.166, 100.80100000000002, 22.623, 139, 219, 49, 0);
INSERT INTO public."Days" ("Id", "Date", "Protein", "Carbohydrate", "Fat", "AllowedProtein", "AllowedCarbohydrate", "AllowedFat", "MealCount") VALUES ('d46a3c83-97ac-4c5b-85f2-3e264b55a38c', '2024-02-23', 140.495, 270.40999999999997, 50.405, 139, 269, 49, 0);
INSERT INTO public."Days" ("Id", "Date", "Protein", "Carbohydrate", "Fat", "AllowedProtein", "AllowedCarbohydrate", "AllowedFat", "MealCount") VALUES ('c6a679d5-e613-45ba-87b8-856d60e11d20', '2024-02-24', 138.02, 224.86, 48.415000000000006, 139, 219, 49, 0);
INSERT INTO public."Days" ("Id", "Date", "Protein", "Carbohydrate", "Fat", "AllowedProtein", "AllowedCarbohydrate", "AllowedFat", "MealCount") VALUES ('170b22d7-40da-4c45-9826-f940658fbfa6', '2024-02-19', 128.954, 253.72100000000003, 39.559000000000005, 139, 269, 49, 0);
INSERT INTO public."Days" ("Id", "Date", "Protein", "Carbohydrate", "Fat", "AllowedProtein", "AllowedCarbohydrate", "AllowedFat", "MealCount") VALUES ('a74d9dd6-30bb-4a4a-8e5e-ec15de9b8310', '2024-02-27', 134.915, 233.25400000000002, 48.275000000000006, 139, 269, 49, 0);
INSERT INTO public."Days" ("Id", "Date", "Protein", "Carbohydrate", "Fat", "AllowedProtein", "AllowedCarbohydrate", "AllowedFat", "MealCount") VALUES ('86ca26d9-985b-43ae-87a5-e093047d4759', '2024-02-22', 131.315, 207.17399999999998, 44.879999999999995, 139, 219, 49, 0);
INSERT INTO public."Days" ("Id", "Date", "Protein", "Carbohydrate", "Fat", "AllowedProtein", "AllowedCarbohydrate", "AllowedFat", "MealCount") VALUES ('0e5b122a-0b62-405a-9d1a-57278760e1c4', '2024-02-29', 133.62, 222.589, 38.08, 139, 219, 49, 0);
INSERT INTO public."Days" ("Id", "Date", "Protein", "Carbohydrate", "Fat", "AllowedProtein", "AllowedCarbohydrate", "AllowedFat", "MealCount") VALUES ('476bb60d-ffec-4173-8c1f-90b9d16ae9d7', '2024-02-21', 136.595, 212.55000000000004, 44.7, 139, 219, 49, 0);
INSERT INTO public."Days" ("Id", "Date", "Protein", "Carbohydrate", "Fat", "AllowedProtein", "AllowedCarbohydrate", "AllowedFat", "MealCount") VALUES ('1c74d662-8cc3-4a92-a657-a27eeb7e2878', '2024-03-02', 135.48499999999999, 228.073, 34.975, 139, 219, 49, 0);
INSERT INTO public."Days" ("Id", "Date", "Protein", "Carbohydrate", "Fat", "AllowedProtein", "AllowedCarbohydrate", "AllowedFat", "MealCount") VALUES ('f5caf087-b245-4b98-bdc5-e95ff9eabb41', '2024-03-01', 140.88, 221.515, 35.89, 139, 269, 49, 0);
INSERT INTO public."Days" ("Id", "Date", "Protein", "Carbohydrate", "Fat", "AllowedProtein", "AllowedCarbohydrate", "AllowedFat", "MealCount") VALUES ('0cebf584-de17-44b7-a703-4dd418e82b79', '2024-03-06', 135.445, 226.08599999999998, 34.839999999999996, 139, 219, 49, 0);
INSERT INTO public."Days" ("Id", "Date", "Protein", "Carbohydrate", "Fat", "AllowedProtein", "AllowedCarbohydrate", "AllowedFat", "MealCount") VALUES ('86e9f7b8-5ab3-455d-83a2-35e77e0fa5c2', '2024-03-07', 138.57999999999998, 266.91100000000006, 37.07, 139, 219, 49, 0);
INSERT INTO public."Days" ("Id", "Date", "Protein", "Carbohydrate", "Fat", "AllowedProtein", "AllowedCarbohydrate", "AllowedFat", "MealCount") VALUES ('f8683882-06f7-4601-8b2d-a31cef0a30bf', '2024-03-08', 138.14, 274.68300000000005, 36.695, 139, 269, 49, 0);
INSERT INTO public."Days" ("Id", "Date", "Protein", "Carbohydrate", "Fat", "AllowedProtein", "AllowedCarbohydrate", "AllowedFat", "MealCount") VALUES ('85c6270c-e0d4-4bf1-87a1-9996416c9a4f', '2024-03-04', 0, 0, 0, 139, 269, 49, 0);
INSERT INTO public."Days" ("Id", "Date", "Protein", "Carbohydrate", "Fat", "AllowedProtein", "AllowedCarbohydrate", "AllowedFat", "MealCount") VALUES ('c7d97139-55fa-4261-9f03-6137d90a130f', '2024-03-09', 142.32999999999998, 230.191, 43.025000000000006, 139, 219, 49, 0);
INSERT INTO public."Days" ("Id", "Date", "Protein", "Carbohydrate", "Fat", "AllowedProtein", "AllowedCarbohydrate", "AllowedFat", "MealCount") VALUES ('27ff871c-42a5-4095-88d7-4cd0850d4844', '2024-03-10', 136.755, 237.01600000000002, 41.965, 139, 219, 49, 0);
INSERT INTO public."Days" ("Id", "Date", "Protein", "Carbohydrate", "Fat", "AllowedProtein", "AllowedCarbohydrate", "AllowedFat", "MealCount") VALUES ('4808f012-4ea1-473d-b43d-9e10c3b9a55a', '2024-03-11', 137.45, 278.26800000000003, 34.485, 139, 269, 49, 0);
INSERT INTO public."Days" ("Id", "Date", "Protein", "Carbohydrate", "Fat", "AllowedProtein", "AllowedCarbohydrate", "AllowedFat", "MealCount") VALUES ('c8429006-fba7-4023-8f76-438e62eb4c22', '2024-03-12', 134.97, 267.773, 40.525, 139, 269, 49, 0);
INSERT INTO public."Days" ("Id", "Date", "Protein", "Carbohydrate", "Fat", "AllowedProtein", "AllowedCarbohydrate", "AllowedFat", "MealCount") VALUES ('60dee75f-a1cc-49a2-8dea-f2317e071399', '2024-03-15', 137.44, 274.598, 36.565000000000005, 139, 269, 49, 0);
INSERT INTO public."Days" ("Id", "Date", "Protein", "Carbohydrate", "Fat", "AllowedProtein", "AllowedCarbohydrate", "AllowedFat", "MealCount") VALUES ('1463db61-5d2c-445e-8ceb-0435869a5c5d', '2024-03-16', 145.09, 199.81, 44.004999999999995, 139, 219, 49, 0);
INSERT INTO public."Days" ("Id", "Date", "Protein", "Carbohydrate", "Fat", "AllowedProtein", "AllowedCarbohydrate", "AllowedFat", "MealCount") VALUES ('ba026081-1d65-4cfa-8d4f-4beaaba7c00e', '2024-03-17', 135.35, 228.79500000000002, 37.504999999999995, 139, 219, 49, 0);
INSERT INTO public."Days" ("Id", "Date", "Protein", "Carbohydrate", "Fat", "AllowedProtein", "AllowedCarbohydrate", "AllowedFat", "MealCount") VALUES ('88223f9e-c065-42be-9fc4-614c504050bb', '2024-03-18', 136.2, 269.20000000000005, 38.145, 139, 269, 49, 0);
INSERT INTO public."Days" ("Id", "Date", "Protein", "Carbohydrate", "Fat", "AllowedProtein", "AllowedCarbohydrate", "AllowedFat", "MealCount") VALUES ('7ef0540f-be3f-4516-8d60-6d3988ede0fb', '2024-03-19', 137.505, 272.20400000000006, 38.035000000000004, 139, 269, 49, 0);
INSERT INTO public."Days" ("Id", "Date", "Protein", "Carbohydrate", "Fat", "AllowedProtein", "AllowedCarbohydrate", "AllowedFat", "MealCount") VALUES ('ca252668-1ced-4979-aa50-9d4a33f59785', '2024-03-14', 143.605, 213.934, 40.150000000000006, 139, 219, 49, 0);
INSERT INTO public."Days" ("Id", "Date", "Protein", "Carbohydrate", "Fat", "AllowedProtein", "AllowedCarbohydrate", "AllowedFat", "MealCount") VALUES ('24e8cdcd-a4c4-46e3-8340-5e643cea5f68', '2024-03-13', 139.605, 232.391, 32.32, 139, 219, 49, 0);
INSERT INTO public."Days" ("Id", "Date", "Protein", "Carbohydrate", "Fat", "AllowedProtein", "AllowedCarbohydrate", "AllowedFat", "MealCount") VALUES ('11bdf59d-ea3b-47ee-8310-fa3924460596', '2024-03-21', 146.145, 208.59099999999998, 40.720000000000006, 139, 219, 49, 0);
INSERT INTO public."Days" ("Id", "Date", "Protein", "Carbohydrate", "Fat", "AllowedProtein", "AllowedCarbohydrate", "AllowedFat", "MealCount") VALUES ('ce320dd9-48ca-4135-a1e5-96be6d16b1de', '2024-03-22', 136.745, 267.97400000000005, 37.795, 139, 269, 49, 0);
INSERT INTO public."Days" ("Id", "Date", "Protein", "Carbohydrate", "Fat", "AllowedProtein", "AllowedCarbohydrate", "AllowedFat", "MealCount") VALUES ('45684ecc-ea5e-4fe0-96cc-bc718d02eb03', '2024-03-24', 17, 4.6, 9.8, 139, 219, 49, 0);
INSERT INTO public."Days" ("Id", "Date", "Protein", "Carbohydrate", "Fat", "AllowedProtein", "AllowedCarbohydrate", "AllowedFat", "MealCount") VALUES ('bf1737f8-595b-4212-9d08-1a22992f04f9', '2024-03-23', 134.58499999999998, 230.531, 36.19500000000001, 139, 219, 49, 0);
INSERT INTO public."Days" ("Id", "Date", "Protein", "Carbohydrate", "Fat", "AllowedProtein", "AllowedCarbohydrate", "AllowedFat", "MealCount") VALUES ('c8eaca2e-fdc4-4bb4-b068-94ef32068707', '2024-04-01', 17, 4.6, 9.8, 139, 269, 49, 0);
INSERT INTO public."Days" ("Id", "Date", "Protein", "Carbohydrate", "Fat", "AllowedProtein", "AllowedCarbohydrate", "AllowedFat", "MealCount") VALUES ('f765f5f6-44a8-49e0-a0e5-06d4068bb681', '2024-03-25', 136.2, 269.20000000000005, 38.145, 139, 269, 49, 0);
INSERT INTO public."Days" ("Id", "Date", "Protein", "Carbohydrate", "Fat", "AllowedProtein", "AllowedCarbohydrate", "AllowedFat", "MealCount") VALUES ('662d55ef-9b1c-435c-baec-6bdd69870abf', '2024-03-26', 128.66, 264.06, 37.445, 139, 269, 49, 0);
INSERT INTO public."Days" ("Id", "Date", "Protein", "Carbohydrate", "Fat", "AllowedProtein", "AllowedCarbohydrate", "AllowedFat", "MealCount") VALUES ('38c0e941-dd93-451d-a033-5d7cc22d1061', '2024-03-20', 134.58, 239.507, 37.66, 139, 219, 49, 0);




INSERT INTO public."Meal" ("DayId", "Id", "Protein", "Carbohydrate", "Fat", "AllowedProtein", "AllowedCarbohydrate", "AllowedFat") VALUES ('93c6b232-744a-40ae-851c-2cf07bd75e3f', 1, 10, 10, 10, 10, 10, 10);
INSERT INTO public."Meal" ("DayId", "Id", "Protein", "Carbohydrate", "Fat", "AllowedProtein", "AllowedCarbohydrate", "AllowedFat") VALUES ('a74d9dd6-30bb-4a4a-8e5e-ec15de9b8310', 342, 19.845000000000002, 71.685, 12.625, 31, 57, 13);
INSERT INTO public."Meal" ("DayId", "Id", "Protein", "Carbohydrate", "Fat", "AllowedProtein", "AllowedCarbohydrate", "AllowedFat") VALUES ('a74d9dd6-30bb-4a4a-8e5e-ec15de9b8310', 343, 53, 59.15, 18.1, 27, 53, 9);
INSERT INTO public."Meal" ("DayId", "Id", "Protein", "Carbohydrate", "Fat", "AllowedProtein", "AllowedCarbohydrate", "AllowedFat") VALUES ('a74d9dd6-30bb-4a4a-8e5e-ec15de9b8310', 344, 27.379999999999995, 48.629, 5.31, 27, 53, 9);
INSERT INTO public."Meal" ("DayId", "Id", "Protein", "Carbohydrate", "Fat", "AllowedProtein", "AllowedCarbohydrate", "AllowedFat") VALUES ('a74d9dd6-30bb-4a4a-8e5e-ec15de9b8310', 345, 0, 0, 0, 27, 53, 9);
INSERT INTO public."Meal" ("DayId", "Id", "Protein", "Carbohydrate", "Fat", "AllowedProtein", "AllowedCarbohydrate", "AllowedFat") VALUES ('a74d9dd6-30bb-4a4a-8e5e-ec15de9b8310', 346, 34.690000000000005, 53.790000000000006, 12.24, 27, 53, 9);
INSERT INTO public."Meal" ("DayId", "Id", "Protein", "Carbohydrate", "Fat", "AllowedProtein", "AllowedCarbohydrate", "AllowedFat") VALUES ('8c9784ce-7ecf-4647-8ac2-0ccc78c1e7f0', 7, 17.57, 52.59, 14.47, 32, 71, 10);
INSERT INTO public."Meal" ("DayId", "Id", "Protein", "Carbohydrate", "Fat", "AllowedProtein", "AllowedCarbohydrate", "AllowedFat") VALUES ('8c9784ce-7ecf-4647-8ac2-0ccc78c1e7f0', 8, 0, 0, 0, 28, 68, 10);
INSERT INTO public."Meal" ("DayId", "Id", "Protein", "Carbohydrate", "Fat", "AllowedProtein", "AllowedCarbohydrate", "AllowedFat") VALUES ('8c9784ce-7ecf-4647-8ac2-0ccc78c1e7f0', 9, 0, 0, 0, 28, 68, 10);
INSERT INTO public."Meal" ("DayId", "Id", "Protein", "Carbohydrate", "Fat", "AllowedProtein", "AllowedCarbohydrate", "AllowedFat") VALUES ('8c9784ce-7ecf-4647-8ac2-0ccc78c1e7f0', 10, 0, 0, 0, 28, 68, 10);
INSERT INTO public."Meal" ("DayId", "Id", "Protein", "Carbohydrate", "Fat", "AllowedProtein", "AllowedCarbohydrate", "AllowedFat") VALUES ('8c9784ce-7ecf-4647-8ac2-0ccc78c1e7f0', 11, 0, 0, 0, 28, 68, 10);
INSERT INTO public."Meal" ("DayId", "Id", "Protein", "Carbohydrate", "Fat", "AllowedProtein", "AllowedCarbohydrate", "AllowedFat") VALUES ('60dee75f-a1cc-49a2-8dea-f2317e071399', 797, 27.360000000000003, 72.47000000000001, 13.38, 31, 57, 13);
INSERT INTO public."Meal" ("DayId", "Id", "Protein", "Carbohydrate", "Fat", "AllowedProtein", "AllowedCarbohydrate", "AllowedFat") VALUES ('60dee75f-a1cc-49a2-8dea-f2317e071399', 798, 27.615000000000002, 53.63, 3.88, 27, 53, 9);
INSERT INTO public."Meal" ("DayId", "Id", "Protein", "Carbohydrate", "Fat", "AllowedProtein", "AllowedCarbohydrate", "AllowedFat") VALUES ('60dee75f-a1cc-49a2-8dea-f2317e071399', 799, 24.04, 46.128, 4.01, 27, 53, 9);
INSERT INTO public."Meal" ("DayId", "Id", "Protein", "Carbohydrate", "Fat", "AllowedProtein", "AllowedCarbohydrate", "AllowedFat") VALUES ('60dee75f-a1cc-49a2-8dea-f2317e071399', 800, 26.854999999999997, 49.4, 3.64, 27, 53, 9);
INSERT INTO public."Meal" ("DayId", "Id", "Protein", "Carbohydrate", "Fat", "AllowedProtein", "AllowedCarbohydrate", "AllowedFat") VALUES ('60dee75f-a1cc-49a2-8dea-f2317e071399', 801, 31.57, 52.970000000000006, 11.655, 27, 53, 9);
INSERT INTO public."Meal" ("DayId", "Id", "Protein", "Carbohydrate", "Fat", "AllowedProtein", "AllowedCarbohydrate", "AllowedFat") VALUES ('ca252668-1ced-4979-aa50-9d4a33f59785', 932, 36.91, 29.49, 16.080000000000002, 31, 57, 13);
INSERT INTO public."Meal" ("DayId", "Id", "Protein", "Carbohydrate", "Fat", "AllowedProtein", "AllowedCarbohydrate", "AllowedFat") VALUES ('ca252668-1ced-4979-aa50-9d4a33f59785', 933, 26.965000000000003, 38.68, 3.815, 27, 53, 9);
INSERT INTO public."Meal" ("DayId", "Id", "Protein", "Carbohydrate", "Fat", "AllowedProtein", "AllowedCarbohydrate", "AllowedFat") VALUES ('ca252668-1ced-4979-aa50-9d4a33f59785', 934, 24.259999999999998, 43.32899999999999, 4.1, 27, 53, 9);
INSERT INTO public."Meal" ("DayId", "Id", "Protein", "Carbohydrate", "Fat", "AllowedProtein", "AllowedCarbohydrate", "AllowedFat") VALUES ('ca252668-1ced-4979-aa50-9d4a33f59785', 935, 23.900000000000002, 49.464999999999996, 4.5, 27, 53, 9);
INSERT INTO public."Meal" ("DayId", "Id", "Protein", "Carbohydrate", "Fat", "AllowedProtein", "AllowedCarbohydrate", "AllowedFat") VALUES ('11b4930f-7e33-480f-b60e-5f2be0565efa', 152, 30.366, 57.55100000000001, 13.323, 31, 47, 13);
INSERT INTO public."Meal" ("DayId", "Id", "Protein", "Carbohydrate", "Fat", "AllowedProtein", "AllowedCarbohydrate", "AllowedFat") VALUES ('11b4930f-7e33-480f-b60e-5f2be0565efa', 153, 22.5, 29.25, 9, 27, 43, 9);
INSERT INTO public."Meal" ("DayId", "Id", "Protein", "Carbohydrate", "Fat", "AllowedProtein", "AllowedCarbohydrate", "AllowedFat") VALUES ('11b4930f-7e33-480f-b60e-5f2be0565efa', 154, 0.3, 14, 0.3, 27, 43, 9);
INSERT INTO public."Meal" ("DayId", "Id", "Protein", "Carbohydrate", "Fat", "AllowedProtein", "AllowedCarbohydrate", "AllowedFat") VALUES ('11b4930f-7e33-480f-b60e-5f2be0565efa', 155, 0, 0, 0, 27, 43, 9);
INSERT INTO public."Meal" ("DayId", "Id", "Protein", "Carbohydrate", "Fat", "AllowedProtein", "AllowedCarbohydrate", "AllowedFat") VALUES ('11b4930f-7e33-480f-b60e-5f2be0565efa', 156, 0, 0, 0, 27, 43, 9);
INSERT INTO public."Meal" ("DayId", "Id", "Protein", "Carbohydrate", "Fat", "AllowedProtein", "AllowedCarbohydrate", "AllowedFat") VALUES ('7c14290c-08a6-4160-a971-2f95e5527d24', 32, 20.24, 59.53, 13.58, 32, 71, 10);
INSERT INTO public."Meal" ("DayId", "Id", "Protein", "Carbohydrate", "Fat", "AllowedProtein", "AllowedCarbohydrate", "AllowedFat") VALUES ('7c14290c-08a6-4160-a971-2f95e5527d24', 33, 28, 46.2, 8.2, 28, 68, 10);
INSERT INTO public."Meal" ("DayId", "Id", "Protein", "Carbohydrate", "Fat", "AllowedProtein", "AllowedCarbohydrate", "AllowedFat") VALUES ('7c14290c-08a6-4160-a971-2f95e5527d24', 34, 0, 0, 0, 28, 68, 10);
INSERT INTO public."Meal" ("DayId", "Id", "Protein", "Carbohydrate", "Fat", "AllowedProtein", "AllowedCarbohydrate", "AllowedFat") VALUES ('7c14290c-08a6-4160-a971-2f95e5527d24', 35, 0, 0, 0, 28, 68, 10);
INSERT INTO public."Meal" ("DayId", "Id", "Protein", "Carbohydrate", "Fat", "AllowedProtein", "AllowedCarbohydrate", "AllowedFat") VALUES ('7c14290c-08a6-4160-a971-2f95e5527d24', 36, 0, 0, 0, 28, 68, 10);
INSERT INTO public."Meal" ("DayId", "Id", "Protein", "Carbohydrate", "Fat", "AllowedProtein", "AllowedCarbohydrate", "AllowedFat") VALUES ('f8683882-06f7-4601-8b2d-a31cef0a30bf', 582, 27.360000000000003, 72.47000000000001, 13.38, 31, 57, 13);
INSERT INTO public."Meal" ("DayId", "Id", "Protein", "Carbohydrate", "Fat", "AllowedProtein", "AllowedCarbohydrate", "AllowedFat") VALUES ('f8683882-06f7-4601-8b2d-a31cef0a30bf', 583, 27.615000000000002, 53.63, 3.88, 27, 53, 9);
INSERT INTO public."Meal" ("DayId", "Id", "Protein", "Carbohydrate", "Fat", "AllowedProtein", "AllowedCarbohydrate", "AllowedFat") VALUES ('f8683882-06f7-4601-8b2d-a31cef0a30bf', 584, 24.74, 46.212999999999994, 4.14, 27, 53, 9);
INSERT INTO public."Meal" ("DayId", "Id", "Protein", "Carbohydrate", "Fat", "AllowedProtein", "AllowedCarbohydrate", "AllowedFat") VALUES ('f8683882-06f7-4601-8b2d-a31cef0a30bf', 585, 26.854999999999997, 49.4, 3.64, 27, 53, 9);
INSERT INTO public."Meal" ("DayId", "Id", "Protein", "Carbohydrate", "Fat", "AllowedProtein", "AllowedCarbohydrate", "AllowedFat") VALUES ('f8683882-06f7-4601-8b2d-a31cef0a30bf', 586, 31.57, 52.970000000000006, 11.655, 27, 53, 9);
INSERT INTO public."Meal" ("DayId", "Id", "Protein", "Carbohydrate", "Fat", "AllowedProtein", "AllowedCarbohydrate", "AllowedFat") VALUES ('c6a679d5-e613-45ba-87b8-856d60e11d20', 302, 16.7, 51.85, 12.22, 31, 47, 13);
INSERT INTO public."Meal" ("DayId", "Id", "Protein", "Carbohydrate", "Fat", "AllowedProtein", "AllowedCarbohydrate", "AllowedFat") VALUES ('c6a679d5-e613-45ba-87b8-856d60e11d20', 303, 26.5, 29.575, 9.05, 27, 43, 9);
INSERT INTO public."Meal" ("DayId", "Id", "Protein", "Carbohydrate", "Fat", "AllowedProtein", "AllowedCarbohydrate", "AllowedFat") VALUES ('c6a679d5-e613-45ba-87b8-856d60e11d20', 304, 32.09, 45.940000000000005, 10.52, 27, 43, 9);
INSERT INTO public."Meal" ("DayId", "Id", "Protein", "Carbohydrate", "Fat", "AllowedProtein", "AllowedCarbohydrate", "AllowedFat") VALUES ('c6a679d5-e613-45ba-87b8-856d60e11d20', 305, 25.1, 44.675, 4.91, 27, 43, 9);
INSERT INTO public."Meal" ("DayId", "Id", "Protein", "Carbohydrate", "Fat", "AllowedProtein", "AllowedCarbohydrate", "AllowedFat") VALUES ('c6a679d5-e613-45ba-87b8-856d60e11d20', 306, 37.63, 52.82, 11.715, 27, 43, 9);
INSERT INTO public."Meal" ("DayId", "Id", "Protein", "Carbohydrate", "Fat", "AllowedProtein", "AllowedCarbohydrate", "AllowedFat") VALUES ('86ca26d9-985b-43ae-87a5-e093047d4759', 367, 17.195, 54.975, 12.295, 31, 47, 13);
INSERT INTO public."Meal" ("DayId", "Id", "Protein", "Carbohydrate", "Fat", "AllowedProtein", "AllowedCarbohydrate", "AllowedFat") VALUES ('86ca26d9-985b-43ae-87a5-e093047d4759', 368, 55, 52, 15.8, 27, 43, 9);
INSERT INTO public."Meal" ("DayId", "Id", "Protein", "Carbohydrate", "Fat", "AllowedProtein", "AllowedCarbohydrate", "AllowedFat") VALUES ('86ca26d9-985b-43ae-87a5-e093047d4759', 369, 0, 0, 0, 27, 43, 9);
INSERT INTO public."Meal" ("DayId", "Id", "Protein", "Carbohydrate", "Fat", "AllowedProtein", "AllowedCarbohydrate", "AllowedFat") VALUES ('86ca26d9-985b-43ae-87a5-e093047d4759', 370, 26.58, 46.82899999999999, 5.109999999999999, 27, 43, 9);
INSERT INTO public."Meal" ("DayId", "Id", "Protein", "Carbohydrate", "Fat", "AllowedProtein", "AllowedCarbohydrate", "AllowedFat") VALUES ('86ca26d9-985b-43ae-87a5-e093047d4759', 371, 32.54, 53.370000000000005, 11.674999999999999, 27, 43, 9);
INSERT INTO public."Meal" ("DayId", "Id", "Protein", "Carbohydrate", "Fat", "AllowedProtein", "AllowedCarbohydrate", "AllowedFat") VALUES ('1c74d662-8cc3-4a92-a657-a27eeb7e2878', 452, 30.005, 54.075, 11.84, 31, 47, 13);
INSERT INTO public."Meal" ("DayId", "Id", "Protein", "Carbohydrate", "Fat", "AllowedProtein", "AllowedCarbohydrate", "AllowedFat") VALUES ('1c74d662-8cc3-4a92-a657-a27eeb7e2878', 453, 26.504999999999995, 43.300000000000004, 3.59, 27, 43, 9);
INSERT INTO public."Meal" ("DayId", "Id", "Protein", "Carbohydrate", "Fat", "AllowedProtein", "AllowedCarbohydrate", "AllowedFat") VALUES ('1c74d662-8cc3-4a92-a657-a27eeb7e2878', 454, 26.06, 42.953, 5.1000000000000005, 27, 43, 9);
INSERT INTO public."Meal" ("DayId", "Id", "Protein", "Carbohydrate", "Fat", "AllowedProtein", "AllowedCarbohydrate", "AllowedFat") VALUES ('1c74d662-8cc3-4a92-a657-a27eeb7e2878', 455, 25.660000000000004, 41.815, 4.41, 27, 43, 9);
INSERT INTO public."Meal" ("DayId", "Id", "Protein", "Carbohydrate", "Fat", "AllowedProtein", "AllowedCarbohydrate", "AllowedFat") VALUES ('1c74d662-8cc3-4a92-a657-a27eeb7e2878', 456, 27.255000000000003, 45.93000000000001, 10.035, 27, 43, 9);
INSERT INTO public."Meal" ("DayId", "Id", "Protein", "Carbohydrate", "Fat", "AllowedProtein", "AllowedCarbohydrate", "AllowedFat") VALUES ('d46a3c83-97ac-4c5b-85f2-3e264b55a38c', 237, 24.785, 96.42, 14.704999999999998, 31, 57, 13);
INSERT INTO public."Meal" ("DayId", "Id", "Protein", "Carbohydrate", "Fat", "AllowedProtein", "AllowedCarbohydrate", "AllowedFat") VALUES ('d46a3c83-97ac-4c5b-85f2-3e264b55a38c', 238, 61, 59.8, 18.2, 27, 53, 9);
INSERT INTO public."Meal" ("DayId", "Id", "Protein", "Carbohydrate", "Fat", "AllowedProtein", "AllowedCarbohydrate", "AllowedFat") VALUES ('d46a3c83-97ac-4c5b-85f2-3e264b55a38c', 239, 25.200000000000003, 50.9, 4.779999999999999, 27, 53, 9);
INSERT INTO public."Meal" ("DayId", "Id", "Protein", "Carbohydrate", "Fat", "AllowedProtein", "AllowedCarbohydrate", "AllowedFat") VALUES ('d46a3c83-97ac-4c5b-85f2-3e264b55a38c', 240, 0, 0, 0, 27, 53, 9);
INSERT INTO public."Meal" ("DayId", "Id", "Protein", "Carbohydrate", "Fat", "AllowedProtein", "AllowedCarbohydrate", "AllowedFat") VALUES ('d46a3c83-97ac-4c5b-85f2-3e264b55a38c', 241, 29.51, 63.28999999999999, 12.719999999999999, 27, 53, 9);
INSERT INTO public."Meal" ("DayId", "Id", "Protein", "Carbohydrate", "Fat", "AllowedProtein", "AllowedCarbohydrate", "AllowedFat") VALUES ('0e5b122a-0b62-405a-9d1a-57278760e1c4', 382, 20.195, 72.17500000000001, 12.774999999999999, 31, 47, 13);
INSERT INTO public."Meal" ("DayId", "Id", "Protein", "Carbohydrate", "Fat", "AllowedProtein", "AllowedCarbohydrate", "AllowedFat") VALUES ('0e5b122a-0b62-405a-9d1a-57278760e1c4', 383, 28.55, 23.445, 3.35, 27, 43, 9);
INSERT INTO public."Meal" ("DayId", "Id", "Protein", "Carbohydrate", "Fat", "AllowedProtein", "AllowedCarbohydrate", "AllowedFat") VALUES ('0e5b122a-0b62-405a-9d1a-57278760e1c4', 384, 26.78, 47.278999999999996, 5.16, 27, 43, 9);
INSERT INTO public."Meal" ("DayId", "Id", "Protein", "Carbohydrate", "Fat", "AllowedProtein", "AllowedCarbohydrate", "AllowedFat") VALUES ('0e5b122a-0b62-405a-9d1a-57278760e1c4', 385, 31.085000000000004, 52.77, 11.645, 27, 43, 9);
INSERT INTO public."Meal" ("DayId", "Id", "Protein", "Carbohydrate", "Fat", "AllowedProtein", "AllowedCarbohydrate", "AllowedFat") VALUES ('0e5b122a-0b62-405a-9d1a-57278760e1c4', 386, 27.009999999999998, 26.92, 5.15, 27, 43, 9);
INSERT INTO public."Meal" ("DayId", "Id", "Protein", "Carbohydrate", "Fat", "AllowedProtein", "AllowedCarbohydrate", "AllowedFat") VALUES ('170b22d7-40da-4c45-9826-f940658fbfa6', 322, 18.845000000000002, 89.79, 11.14, 31, 57, 13);
INSERT INTO public."Meal" ("DayId", "Id", "Protein", "Carbohydrate", "Fat", "AllowedProtein", "AllowedCarbohydrate", "AllowedFat") VALUES ('170b22d7-40da-4c45-9826-f940658fbfa6', 323, 53.3, 59.54, 18.220000000000002, 27, 53, 9);
INSERT INTO public."Meal" ("DayId", "Id", "Protein", "Carbohydrate", "Fat", "AllowedProtein", "AllowedCarbohydrate", "AllowedFat") VALUES ('170b22d7-40da-4c45-9826-f940658fbfa6', 324, 0, 0, 0, 27, 53, 9);
INSERT INTO public."Meal" ("DayId", "Id", "Protein", "Carbohydrate", "Fat", "AllowedProtein", "AllowedCarbohydrate", "AllowedFat") VALUES ('170b22d7-40da-4c45-9826-f940658fbfa6', 325, 24.3, 48.443, 4.06, 27, 53, 9);
INSERT INTO public."Meal" ("DayId", "Id", "Protein", "Carbohydrate", "Fat", "AllowedProtein", "AllowedCarbohydrate", "AllowedFat") VALUES ('170b22d7-40da-4c45-9826-f940658fbfa6', 326, 32.509, 55.94800000000001, 6.139, 27, 53, 9);
INSERT INTO public."Meal" ("DayId", "Id", "Protein", "Carbohydrate", "Fat", "AllowedProtein", "AllowedCarbohydrate", "AllowedFat") VALUES ('476bb60d-ffec-4173-8c1f-90b9d16ae9d7', 392, 23.5, 25.675, 7.8500000000000005, 31, 47, 13);
INSERT INTO public."Meal" ("DayId", "Id", "Protein", "Carbohydrate", "Fat", "AllowedProtein", "AllowedCarbohydrate", "AllowedFat") VALUES ('476bb60d-ffec-4173-8c1f-90b9d16ae9d7', 393, 20.03, 69.36, 12.850000000000001, 27, 43, 9);
INSERT INTO public."Meal" ("DayId", "Id", "Protein", "Carbohydrate", "Fat", "AllowedProtein", "AllowedCarbohydrate", "AllowedFat") VALUES ('476bb60d-ffec-4173-8c1f-90b9d16ae9d7', 394, 23.979999999999997, 42.015, 5.81, 27, 43, 9);
INSERT INTO public."Meal" ("DayId", "Id", "Protein", "Carbohydrate", "Fat", "AllowedProtein", "AllowedCarbohydrate", "AllowedFat") VALUES ('476bb60d-ffec-4173-8c1f-90b9d16ae9d7', 395, 23.5, 25.675, 7.8500000000000005, 27, 43, 9);
INSERT INTO public."Meal" ("DayId", "Id", "Protein", "Carbohydrate", "Fat", "AllowedProtein", "AllowedCarbohydrate", "AllowedFat") VALUES ('476bb60d-ffec-4173-8c1f-90b9d16ae9d7', 396, 45.58500000000001, 49.82500000000001, 10.34, 27, 43, 9);
INSERT INTO public."Meal" ("DayId", "Id", "Protein", "Carbohydrate", "Fat", "AllowedProtein", "AllowedCarbohydrate", "AllowedFat") VALUES ('f5caf087-b245-4b98-bdc5-e95ff9eabb41', 487, 31.310000000000002, 61.010000000000005, 11.44, 31, 57, 13);
INSERT INTO public."Meal" ("DayId", "Id", "Protein", "Carbohydrate", "Fat", "AllowedProtein", "AllowedCarbohydrate", "AllowedFat") VALUES ('f5caf087-b245-4b98-bdc5-e95ff9eabb41', 488, 26.965000000000003, 38.68, 3.815, 27, 53, 9);
INSERT INTO public."Meal" ("DayId", "Id", "Protein", "Carbohydrate", "Fat", "AllowedProtein", "AllowedCarbohydrate", "AllowedFat") VALUES ('f5caf087-b245-4b98-bdc5-e95ff9eabb41', 489, 26.454999999999995, 38.160000000000004, 3.7800000000000002, 27, 53, 9);
INSERT INTO public."Meal" ("DayId", "Id", "Protein", "Carbohydrate", "Fat", "AllowedProtein", "AllowedCarbohydrate", "AllowedFat") VALUES ('f5caf087-b245-4b98-bdc5-e95ff9eabb41', 490, 24.580000000000002, 30.695, 5.2, 27, 53, 9);
INSERT INTO public."Meal" ("DayId", "Id", "Protein", "Carbohydrate", "Fat", "AllowedProtein", "AllowedCarbohydrate", "AllowedFat") VALUES ('f5caf087-b245-4b98-bdc5-e95ff9eabb41', 491, 31.57, 52.970000000000006, 11.655, 27, 53, 9);
INSERT INTO public."Meal" ("DayId", "Id", "Protein", "Carbohydrate", "Fat", "AllowedProtein", "AllowedCarbohydrate", "AllowedFat") VALUES ('0cebf584-de17-44b7-a703-4dd418e82b79', 512, 31.310000000000002, 61.010000000000005, 11.44, 31, 57, 13);
INSERT INTO public."Meal" ("DayId", "Id", "Protein", "Carbohydrate", "Fat", "AllowedProtein", "AllowedCarbohydrate", "AllowedFat") VALUES ('0cebf584-de17-44b7-a703-4dd418e82b79', 513, 26.965000000000003, 38.68, 3.815, 27, 53, 9);
INSERT INTO public."Meal" ("DayId", "Id", "Protein", "Carbohydrate", "Fat", "AllowedProtein", "AllowedCarbohydrate", "AllowedFat") VALUES ('0cebf584-de17-44b7-a703-4dd418e82b79', 514, 23.78, 40.44499999999999, 4.06, 27, 53, 9);
INSERT INTO public."Meal" ("DayId", "Id", "Protein", "Carbohydrate", "Fat", "AllowedProtein", "AllowedCarbohydrate", "AllowedFat") VALUES ('0cebf584-de17-44b7-a703-4dd418e82b79', 515, 21.82, 32.981, 3.87, 27, 53, 9);
INSERT INTO public."Meal" ("DayId", "Id", "Protein", "Carbohydrate", "Fat", "AllowedProtein", "AllowedCarbohydrate", "AllowedFat") VALUES ('0cebf584-de17-44b7-a703-4dd418e82b79', 516, 31.57, 52.970000000000006, 11.655, 27, 53, 9);
INSERT INTO public."Meal" ("DayId", "Id", "Protein", "Carbohydrate", "Fat", "AllowedProtein", "AllowedCarbohydrate", "AllowedFat") VALUES ('4808f012-4ea1-473d-b43d-9e10c3b9a55a', 707, 27.360000000000003, 72.47000000000001, 13.38, 31, 57, 13);
INSERT INTO public."Meal" ("DayId", "Id", "Protein", "Carbohydrate", "Fat", "AllowedProtein", "AllowedCarbohydrate", "AllowedFat") VALUES ('4808f012-4ea1-473d-b43d-9e10c3b9a55a', 708, 27.615000000000002, 53.63, 3.88, 27, 53, 9);
INSERT INTO public."Meal" ("DayId", "Id", "Protein", "Carbohydrate", "Fat", "AllowedProtein", "AllowedCarbohydrate", "AllowedFat") VALUES ('4808f012-4ea1-473d-b43d-9e10c3b9a55a', 709, 24.049999999999997, 49.798, 1.93, 27, 53, 9);
INSERT INTO public."Meal" ("DayId", "Id", "Protein", "Carbohydrate", "Fat", "AllowedProtein", "AllowedCarbohydrate", "AllowedFat") VALUES ('4808f012-4ea1-473d-b43d-9e10c3b9a55a', 710, 26.854999999999997, 49.4, 3.64, 27, 53, 9);
INSERT INTO public."Meal" ("DayId", "Id", "Protein", "Carbohydrate", "Fat", "AllowedProtein", "AllowedCarbohydrate", "AllowedFat") VALUES ('4808f012-4ea1-473d-b43d-9e10c3b9a55a', 711, 31.57, 52.970000000000006, 11.655, 27, 53, 9);
INSERT INTO public."Meal" ("DayId", "Id", "Protein", "Carbohydrate", "Fat", "AllowedProtein", "AllowedCarbohydrate", "AllowedFat") VALUES ('1463db61-5d2c-445e-8ceb-0435869a5c5d', 817, 30.005, 54.075, 11.84, 31, 47, 13);
INSERT INTO public."Meal" ("DayId", "Id", "Protein", "Carbohydrate", "Fat", "AllowedProtein", "AllowedCarbohydrate", "AllowedFat") VALUES ('1463db61-5d2c-445e-8ceb-0435869a5c5d', 818, 22.5, 29.25, 9, 27, 43, 9);
INSERT INTO public."Meal" ("DayId", "Id", "Protein", "Carbohydrate", "Fat", "AllowedProtein", "AllowedCarbohydrate", "AllowedFat") VALUES ('1463db61-5d2c-445e-8ceb-0435869a5c5d', 819, 38.8, 23.740000000000002, 7.22, 27, 43, 9);
INSERT INTO public."Meal" ("DayId", "Id", "Protein", "Carbohydrate", "Fat", "AllowedProtein", "AllowedCarbohydrate", "AllowedFat") VALUES ('1463db61-5d2c-445e-8ceb-0435869a5c5d', 820, 25.660000000000004, 41.815, 4.41, 27, 43, 9);
INSERT INTO public."Meal" ("DayId", "Id", "Protein", "Carbohydrate", "Fat", "AllowedProtein", "AllowedCarbohydrate", "AllowedFat") VALUES ('1463db61-5d2c-445e-8ceb-0435869a5c5d', 821, 28.125000000000004, 50.93000000000001, 11.535, 27, 43, 9);
INSERT INTO public."Meal" ("DayId", "Id", "Protein", "Carbohydrate", "Fat", "AllowedProtein", "AllowedCarbohydrate", "AllowedFat") VALUES ('ca252668-1ced-4979-aa50-9d4a33f59785', 936, 31.57, 52.970000000000006, 11.655, 27, 53, 9);
INSERT INTO public."Meal" ("DayId", "Id", "Protein", "Carbohydrate", "Fat", "AllowedProtein", "AllowedCarbohydrate", "AllowedFat") VALUES ('85c6270c-e0d4-4bf1-87a1-9996416c9a4f', 677, 31.310000000000002, 61.010000000000005, 11.44, 31, 57, 13);
INSERT INTO public."Meal" ("DayId", "Id", "Protein", "Carbohydrate", "Fat", "AllowedProtein", "AllowedCarbohydrate", "AllowedFat") VALUES ('85c6270c-e0d4-4bf1-87a1-9996416c9a4f', 678, 26.965000000000003, 38.68, 3.815, 27, 53, 9);
INSERT INTO public."Meal" ("DayId", "Id", "Protein", "Carbohydrate", "Fat", "AllowedProtein", "AllowedCarbohydrate", "AllowedFat") VALUES ('85c6270c-e0d4-4bf1-87a1-9996416c9a4f', 679, 26.454999999999995, 38.160000000000004, 3.7800000000000002, 27, 53, 9);
INSERT INTO public."Meal" ("DayId", "Id", "Protein", "Carbohydrate", "Fat", "AllowedProtein", "AllowedCarbohydrate", "AllowedFat") VALUES ('85c6270c-e0d4-4bf1-87a1-9996416c9a4f', 680, 24.580000000000002, 30.695, 5.2, 27, 53, 9);
INSERT INTO public."Meal" ("DayId", "Id", "Protein", "Carbohydrate", "Fat", "AllowedProtein", "AllowedCarbohydrate", "AllowedFat") VALUES ('85c6270c-e0d4-4bf1-87a1-9996416c9a4f', 681, 31.57, 52.970000000000006, 11.655, 27, 53, 9);
INSERT INTO public."Meal" ("DayId", "Id", "Protein", "Carbohydrate", "Fat", "AllowedProtein", "AllowedCarbohydrate", "AllowedFat") VALUES ('24e8cdcd-a4c4-46e3-8340-5e643cea5f68', 937, 31.310000000000002, 61.010000000000005, 11.44, 31, 57, 13);
INSERT INTO public."Meal" ("DayId", "Id", "Protein", "Carbohydrate", "Fat", "AllowedProtein", "AllowedCarbohydrate", "AllowedFat") VALUES ('24e8cdcd-a4c4-46e3-8340-5e643cea5f68', 938, 26.965000000000003, 38.68, 3.815, 27, 53, 9);
INSERT INTO public."Meal" ("DayId", "Id", "Protein", "Carbohydrate", "Fat", "AllowedProtein", "AllowedCarbohydrate", "AllowedFat") VALUES ('24e8cdcd-a4c4-46e3-8340-5e643cea5f68', 939, 27.94, 46.75, 1.54, 27, 53, 9);
INSERT INTO public."Meal" ("DayId", "Id", "Protein", "Carbohydrate", "Fat", "AllowedProtein", "AllowedCarbohydrate", "AllowedFat") VALUES ('24e8cdcd-a4c4-46e3-8340-5e643cea5f68', 940, 21.82, 32.981, 3.87, 27, 53, 9);
INSERT INTO public."Meal" ("DayId", "Id", "Protein", "Carbohydrate", "Fat", "AllowedProtein", "AllowedCarbohydrate", "AllowedFat") VALUES ('86e9f7b8-5ab3-455d-83a2-35e77e0fa5c2', 572, 31.03, 72.74000000000001, 13.72, 31, 57, 13);
INSERT INTO public."Meal" ("DayId", "Id", "Protein", "Carbohydrate", "Fat", "AllowedProtein", "AllowedCarbohydrate", "AllowedFat") VALUES ('86e9f7b8-5ab3-455d-83a2-35e77e0fa5c2', 573, 25.625, 51.68, 3.835, 27, 53, 9);
INSERT INTO public."Meal" ("DayId", "Id", "Protein", "Carbohydrate", "Fat", "AllowedProtein", "AllowedCarbohydrate", "AllowedFat") VALUES ('86e9f7b8-5ab3-455d-83a2-35e77e0fa5c2', 574, 23.3, 37.561, 4.02, 27, 53, 9);
INSERT INTO public."Meal" ("DayId", "Id", "Protein", "Carbohydrate", "Fat", "AllowedProtein", "AllowedCarbohydrate", "AllowedFat") VALUES ('86e9f7b8-5ab3-455d-83a2-35e77e0fa5c2', 575, 27.054999999999996, 51.96, 3.8400000000000003, 27, 53, 9);
INSERT INTO public."Meal" ("DayId", "Id", "Protein", "Carbohydrate", "Fat", "AllowedProtein", "AllowedCarbohydrate", "AllowedFat") VALUES ('86e9f7b8-5ab3-455d-83a2-35e77e0fa5c2', 576, 31.57, 52.970000000000006, 11.655, 27, 53, 9);
INSERT INTO public."Meal" ("DayId", "Id", "Protein", "Carbohydrate", "Fat", "AllowedProtein", "AllowedCarbohydrate", "AllowedFat") VALUES ('24e8cdcd-a4c4-46e3-8340-5e643cea5f68', 941, 31.57, 52.970000000000006, 11.655, 27, 53, 9);
INSERT INTO public."Meal" ("DayId", "Id", "Protein", "Carbohydrate", "Fat", "AllowedProtein", "AllowedCarbohydrate", "AllowedFat") VALUES ('c7d97139-55fa-4261-9f03-6137d90a130f', 687, 30.275, 54.29, 12.89, 31, 47, 13);
INSERT INTO public."Meal" ("DayId", "Id", "Protein", "Carbohydrate", "Fat", "AllowedProtein", "AllowedCarbohydrate", "AllowedFat") VALUES ('c7d97139-55fa-4261-9f03-6137d90a130f', 688, 28.75, 44.275000000000006, 8.85, 27, 43, 9);
INSERT INTO public."Meal" ("DayId", "Id", "Protein", "Carbohydrate", "Fat", "AllowedProtein", "AllowedCarbohydrate", "AllowedFat") VALUES ('c7d97139-55fa-4261-9f03-6137d90a130f', 689, 25.82, 41.511, 5.08, 27, 43, 9);
INSERT INTO public."Meal" ("DayId", "Id", "Protein", "Carbohydrate", "Fat", "AllowedProtein", "AllowedCarbohydrate", "AllowedFat") VALUES ('c7d97139-55fa-4261-9f03-6137d90a130f', 690, 25.380000000000003, 42.185, 6.07, 27, 43, 9);
INSERT INTO public."Meal" ("DayId", "Id", "Protein", "Carbohydrate", "Fat", "AllowedProtein", "AllowedCarbohydrate", "AllowedFat") VALUES ('c7d97139-55fa-4261-9f03-6137d90a130f', 691, 32.105, 47.93, 10.135000000000002, 27, 43, 9);
INSERT INTO public."Meal" ("DayId", "Id", "Protein", "Carbohydrate", "Fat", "AllowedProtein", "AllowedCarbohydrate", "AllowedFat") VALUES ('11bdf59d-ea3b-47ee-8310-fa3924460596', 942, 36.91, 29.49, 16.080000000000002, 31, 57, 13);
INSERT INTO public."Meal" ("DayId", "Id", "Protein", "Carbohydrate", "Fat", "AllowedProtein", "AllowedCarbohydrate", "AllowedFat") VALUES ('11bdf59d-ea3b-47ee-8310-fa3924460596', 943, 26.965000000000003, 38.68, 3.815, 27, 53, 9);
INSERT INTO public."Meal" ("DayId", "Id", "Protein", "Carbohydrate", "Fat", "AllowedProtein", "AllowedCarbohydrate", "AllowedFat") VALUES ('11bdf59d-ea3b-47ee-8310-fa3924460596', 944, 23.3, 37.561, 4.02, 27, 53, 9);
INSERT INTO public."Meal" ("DayId", "Id", "Protein", "Carbohydrate", "Fat", "AllowedProtein", "AllowedCarbohydrate", "AllowedFat") VALUES ('11bdf59d-ea3b-47ee-8310-fa3924460596', 945, 27.400000000000002, 49.89, 5.15, 27, 53, 9);
INSERT INTO public."Meal" ("DayId", "Id", "Protein", "Carbohydrate", "Fat", "AllowedProtein", "AllowedCarbohydrate", "AllowedFat") VALUES ('11bdf59d-ea3b-47ee-8310-fa3924460596', 946, 31.57, 52.970000000000006, 11.655, 27, 53, 9);
INSERT INTO public."Meal" ("DayId", "Id", "Protein", "Carbohydrate", "Fat", "AllowedProtein", "AllowedCarbohydrate", "AllowedFat") VALUES ('27ff871c-42a5-4095-88d7-4cd0850d4844', 697, 30.275, 54.29, 12.89, 31, 47, 13);
INSERT INTO public."Meal" ("DayId", "Id", "Protein", "Carbohydrate", "Fat", "AllowedProtein", "AllowedCarbohydrate", "AllowedFat") VALUES ('27ff871c-42a5-4095-88d7-4cd0850d4844', 698, 28.75, 44.275000000000006, 8.85, 27, 43, 9);
INSERT INTO public."Meal" ("DayId", "Id", "Protein", "Carbohydrate", "Fat", "AllowedProtein", "AllowedCarbohydrate", "AllowedFat") VALUES ('27ff871c-42a5-4095-88d7-4cd0850d4844', 699, 25.82, 41.511, 5.08, 27, 43, 9);
INSERT INTO public."Meal" ("DayId", "Id", "Protein", "Carbohydrate", "Fat", "AllowedProtein", "AllowedCarbohydrate", "AllowedFat") VALUES ('27ff871c-42a5-4095-88d7-4cd0850d4844', 700, 16.560000000000002, 40.709999999999994, 2.7199999999999998, 27, 43, 9);
INSERT INTO public."Meal" ("DayId", "Id", "Protein", "Carbohydrate", "Fat", "AllowedProtein", "AllowedCarbohydrate", "AllowedFat") VALUES ('27ff871c-42a5-4095-88d7-4cd0850d4844', 701, 35.35, 56.230000000000004, 12.425, 27, 43, 9);
INSERT INTO public."Meal" ("DayId", "Id", "Protein", "Carbohydrate", "Fat", "AllowedProtein", "AllowedCarbohydrate", "AllowedFat") VALUES ('ba026081-1d65-4cfa-8d4f-4beaaba7c00e', 842, 30.005, 54.075, 11.84, 31, 47, 13);
INSERT INTO public."Meal" ("DayId", "Id", "Protein", "Carbohydrate", "Fat", "AllowedProtein", "AllowedCarbohydrate", "AllowedFat") VALUES ('ba026081-1d65-4cfa-8d4f-4beaaba7c00e', 843, 26.94, 38.36, 3.79, 27, 43, 9);
INSERT INTO public."Meal" ("DayId", "Id", "Protein", "Carbohydrate", "Fat", "AllowedProtein", "AllowedCarbohydrate", "AllowedFat") VALUES ('ba026081-1d65-4cfa-8d4f-4beaaba7c00e', 844, 24.619999999999997, 43.614999999999995, 5.93, 27, 43, 9);
INSERT INTO public."Meal" ("DayId", "Id", "Protein", "Carbohydrate", "Fat", "AllowedProtein", "AllowedCarbohydrate", "AllowedFat") VALUES ('ba026081-1d65-4cfa-8d4f-4beaaba7c00e', 845, 25.660000000000004, 41.815, 4.41, 27, 43, 9);
INSERT INTO public."Meal" ("DayId", "Id", "Protein", "Carbohydrate", "Fat", "AllowedProtein", "AllowedCarbohydrate", "AllowedFat") VALUES ('c8429006-fba7-4023-8f76-438e62eb4c22', 742, 27.360000000000003, 72.47000000000001, 13.38, 31, 57, 13);
INSERT INTO public."Meal" ("DayId", "Id", "Protein", "Carbohydrate", "Fat", "AllowedProtein", "AllowedCarbohydrate", "AllowedFat") VALUES ('c8429006-fba7-4023-8f76-438e62eb4c22', 743, 27.615000000000002, 53.63, 3.88, 27, 53, 9);
INSERT INTO public."Meal" ("DayId", "Id", "Protein", "Carbohydrate", "Fat", "AllowedProtein", "AllowedCarbohydrate", "AllowedFat") VALUES ('c8429006-fba7-4023-8f76-438e62eb4c22', 744, 23.34, 46.043, 3.88, 27, 53, 9);
INSERT INTO public."Meal" ("DayId", "Id", "Protein", "Carbohydrate", "Fat", "AllowedProtein", "AllowedCarbohydrate", "AllowedFat") VALUES ('c8429006-fba7-4023-8f76-438e62eb4c22', 745, 25.085, 42.660000000000004, 7.73, 27, 53, 9);
INSERT INTO public."Meal" ("DayId", "Id", "Protein", "Carbohydrate", "Fat", "AllowedProtein", "AllowedCarbohydrate", "AllowedFat") VALUES ('c8429006-fba7-4023-8f76-438e62eb4c22', 746, 31.57, 52.970000000000006, 11.655, 27, 53, 9);
INSERT INTO public."Meal" ("DayId", "Id", "Protein", "Carbohydrate", "Fat", "AllowedProtein", "AllowedCarbohydrate", "AllowedFat") VALUES ('ba026081-1d65-4cfa-8d4f-4beaaba7c00e', 846, 28.125000000000004, 50.93000000000001, 11.535, 27, 43, 9);
INSERT INTO public."Meal" ("DayId", "Id", "Protein", "Carbohydrate", "Fat", "AllowedProtein", "AllowedCarbohydrate", "AllowedFat") VALUES ('88223f9e-c065-42be-9fc4-614c504050bb', 862, 27.360000000000003, 72.47000000000001, 13.38, 31, 57, 13);
INSERT INTO public."Meal" ("DayId", "Id", "Protein", "Carbohydrate", "Fat", "AllowedProtein", "AllowedCarbohydrate", "AllowedFat") VALUES ('88223f9e-c065-42be-9fc4-614c504050bb', 863, 27.615000000000002, 53.63, 3.88, 27, 53, 9);
INSERT INTO public."Meal" ("DayId", "Id", "Protein", "Carbohydrate", "Fat", "AllowedProtein", "AllowedCarbohydrate", "AllowedFat") VALUES ('88223f9e-c065-42be-9fc4-614c504050bb', 864, 22.799999999999997, 40.730000000000004, 5.59, 27, 53, 9);
INSERT INTO public."Meal" ("DayId", "Id", "Protein", "Carbohydrate", "Fat", "AllowedProtein", "AllowedCarbohydrate", "AllowedFat") VALUES ('88223f9e-c065-42be-9fc4-614c504050bb', 865, 26.854999999999997, 49.4, 3.64, 27, 53, 9);
INSERT INTO public."Meal" ("DayId", "Id", "Protein", "Carbohydrate", "Fat", "AllowedProtein", "AllowedCarbohydrate", "AllowedFat") VALUES ('88223f9e-c065-42be-9fc4-614c504050bb', 866, 31.57, 52.970000000000006, 11.655, 27, 53, 9);
INSERT INTO public."Meal" ("DayId", "Id", "Protein", "Carbohydrate", "Fat", "AllowedProtein", "AllowedCarbohydrate", "AllowedFat") VALUES ('ce320dd9-48ca-4135-a1e5-96be6d16b1de', 967, 27.360000000000003, 72.47000000000001, 13.38, 31, 57, 13);
INSERT INTO public."Meal" ("DayId", "Id", "Protein", "Carbohydrate", "Fat", "AllowedProtein", "AllowedCarbohydrate", "AllowedFat") VALUES ('ce320dd9-48ca-4135-a1e5-96be6d16b1de', 968, 27.400000000000002, 49.89, 5.15, 27, 53, 9);
INSERT INTO public."Meal" ("DayId", "Id", "Protein", "Carbohydrate", "Fat", "AllowedProtein", "AllowedCarbohydrate", "AllowedFat") VALUES ('ce320dd9-48ca-4135-a1e5-96be6d16b1de', 969, 23.560000000000002, 43.244, 3.9699999999999998, 27, 53, 9);
INSERT INTO public."Meal" ("DayId", "Id", "Protein", "Carbohydrate", "Fat", "AllowedProtein", "AllowedCarbohydrate", "AllowedFat") VALUES ('ce320dd9-48ca-4135-a1e5-96be6d16b1de', 970, 26.854999999999997, 49.4, 3.64, 27, 53, 9);
INSERT INTO public."Meal" ("DayId", "Id", "Protein", "Carbohydrate", "Fat", "AllowedProtein", "AllowedCarbohydrate", "AllowedFat") VALUES ('ce320dd9-48ca-4135-a1e5-96be6d16b1de', 971, 31.57, 52.970000000000006, 11.655, 27, 53, 9);
INSERT INTO public."Meal" ("DayId", "Id", "Protein", "Carbohydrate", "Fat", "AllowedProtein", "AllowedCarbohydrate", "AllowedFat") VALUES ('7ef0540f-be3f-4516-8d60-6d3988ede0fb', 892, 27.360000000000003, 72.47000000000001, 13.38, 31, 57, 13);
INSERT INTO public."Meal" ("DayId", "Id", "Protein", "Carbohydrate", "Fat", "AllowedProtein", "AllowedCarbohydrate", "AllowedFat") VALUES ('7ef0540f-be3f-4516-8d60-6d3988ede0fb', 893, 27.615000000000002, 53.63, 3.88, 27, 53, 9);
INSERT INTO public."Meal" ("DayId", "Id", "Protein", "Carbohydrate", "Fat", "AllowedProtein", "AllowedCarbohydrate", "AllowedFat") VALUES ('7ef0540f-be3f-4516-8d60-6d3988ede0fb', 894, 23.560000000000002, 43.244, 3.9699999999999998, 27, 53, 9);
INSERT INTO public."Meal" ("DayId", "Id", "Protein", "Carbohydrate", "Fat", "AllowedProtein", "AllowedCarbohydrate", "AllowedFat") VALUES ('7ef0540f-be3f-4516-8d60-6d3988ede0fb', 895, 27.4, 49.89, 5.15, 27, 53, 9);
INSERT INTO public."Meal" ("DayId", "Id", "Protein", "Carbohydrate", "Fat", "AllowedProtein", "AllowedCarbohydrate", "AllowedFat") VALUES ('7ef0540f-be3f-4516-8d60-6d3988ede0fb', 896, 31.57, 52.970000000000006, 11.655, 27, 53, 9);
INSERT INTO public."Meal" ("DayId", "Id", "Protein", "Carbohydrate", "Fat", "AllowedProtein", "AllowedCarbohydrate", "AllowedFat") VALUES ('45684ecc-ea5e-4fe0-96cc-bc718d02eb03', 1002, 30.005, 54.075, 11.84, 31, 47, 13);
INSERT INTO public."Meal" ("DayId", "Id", "Protein", "Carbohydrate", "Fat", "AllowedProtein", "AllowedCarbohydrate", "AllowedFat") VALUES ('45684ecc-ea5e-4fe0-96cc-bc718d02eb03', 1003, 26.454999999999995, 38.160000000000004, 3.7800000000000002, 27, 43, 9);
INSERT INTO public."Meal" ("DayId", "Id", "Protein", "Carbohydrate", "Fat", "AllowedProtein", "AllowedCarbohydrate", "AllowedFat") VALUES ('45684ecc-ea5e-4fe0-96cc-bc718d02eb03', 1004, 27.06, 56.223, 4.449999999999999, 27, 43, 9);
INSERT INTO public."Meal" ("DayId", "Id", "Protein", "Carbohydrate", "Fat", "AllowedProtein", "AllowedCarbohydrate", "AllowedFat") VALUES ('45684ecc-ea5e-4fe0-96cc-bc718d02eb03', 1005, 28.34, 54.397, 5.39, 27, 43, 9);
INSERT INTO public."Meal" ("DayId", "Id", "Protein", "Carbohydrate", "Fat", "AllowedProtein", "AllowedCarbohydrate", "AllowedFat") VALUES ('45684ecc-ea5e-4fe0-96cc-bc718d02eb03', 1006, 28.125000000000004, 50.93000000000001, 11.535, 27, 43, 9);
INSERT INTO public."Meal" ("DayId", "Id", "Protein", "Carbohydrate", "Fat", "AllowedProtein", "AllowedCarbohydrate", "AllowedFat") VALUES ('bf1737f8-595b-4212-9d08-1a22992f04f9', 1017, 30.005, 54.075, 11.84, 31, 47, 13);
INSERT INTO public."Meal" ("DayId", "Id", "Protein", "Carbohydrate", "Fat", "AllowedProtein", "AllowedCarbohydrate", "AllowedFat") VALUES ('bf1737f8-595b-4212-9d08-1a22992f04f9', 1018, 26.454999999999995, 38.160000000000004, 3.7800000000000002, 27, 43, 9);
INSERT INTO public."Meal" ("DayId", "Id", "Protein", "Carbohydrate", "Fat", "AllowedProtein", "AllowedCarbohydrate", "AllowedFat") VALUES ('bf1737f8-595b-4212-9d08-1a22992f04f9', 1019, 24.02, 41.887, 4.08, 27, 43, 9);
INSERT INTO public."Meal" ("DayId", "Id", "Protein", "Carbohydrate", "Fat", "AllowedProtein", "AllowedCarbohydrate", "AllowedFat") VALUES ('bf1737f8-595b-4212-9d08-1a22992f04f9', 1020, 25.979999999999997, 45.479, 4.959999999999999, 27, 43, 9);
INSERT INTO public."Meal" ("DayId", "Id", "Protein", "Carbohydrate", "Fat", "AllowedProtein", "AllowedCarbohydrate", "AllowedFat") VALUES ('bf1737f8-595b-4212-9d08-1a22992f04f9', 1021, 28.125000000000004, 50.93000000000001, 11.535, 27, 43, 9);
INSERT INTO public."Meal" ("DayId", "Id", "Protein", "Carbohydrate", "Fat", "AllowedProtein", "AllowedCarbohydrate", "AllowedFat") VALUES ('c8eaca2e-fdc4-4bb4-b068-94ef32068707', 1022, 17, 4.6, 9.8, 31, 57, 13);
INSERT INTO public."Meal" ("DayId", "Id", "Protein", "Carbohydrate", "Fat", "AllowedProtein", "AllowedCarbohydrate", "AllowedFat") VALUES ('c8eaca2e-fdc4-4bb4-b068-94ef32068707', 1023, 0, 0, 0, 27, 53, 9);
INSERT INTO public."Meal" ("DayId", "Id", "Protein", "Carbohydrate", "Fat", "AllowedProtein", "AllowedCarbohydrate", "AllowedFat") VALUES ('c8eaca2e-fdc4-4bb4-b068-94ef32068707', 1024, 0, 0, 0, 27, 53, 9);
INSERT INTO public."Meal" ("DayId", "Id", "Protein", "Carbohydrate", "Fat", "AllowedProtein", "AllowedCarbohydrate", "AllowedFat") VALUES ('c8eaca2e-fdc4-4bb4-b068-94ef32068707', 1025, 0, 0, 0, 27, 53, 9);
INSERT INTO public."Meal" ("DayId", "Id", "Protein", "Carbohydrate", "Fat", "AllowedProtein", "AllowedCarbohydrate", "AllowedFat") VALUES ('c8eaca2e-fdc4-4bb4-b068-94ef32068707', 1026, 0, 0, 0, 27, 53, 9);
INSERT INTO public."Meal" ("DayId", "Id", "Protein", "Carbohydrate", "Fat", "AllowedProtein", "AllowedCarbohydrate", "AllowedFat") VALUES ('f765f5f6-44a8-49e0-a0e5-06d4068bb681', 1037, 27.360000000000003, 72.47000000000001, 13.38, 31, 57, 13);
INSERT INTO public."Meal" ("DayId", "Id", "Protein", "Carbohydrate", "Fat", "AllowedProtein", "AllowedCarbohydrate", "AllowedFat") VALUES ('f765f5f6-44a8-49e0-a0e5-06d4068bb681', 1038, 27.615000000000002, 53.63, 3.88, 27, 53, 9);
INSERT INTO public."Meal" ("DayId", "Id", "Protein", "Carbohydrate", "Fat", "AllowedProtein", "AllowedCarbohydrate", "AllowedFat") VALUES ('f765f5f6-44a8-49e0-a0e5-06d4068bb681', 1039, 22.799999999999997, 40.730000000000004, 5.59, 27, 53, 9);
INSERT INTO public."Meal" ("DayId", "Id", "Protein", "Carbohydrate", "Fat", "AllowedProtein", "AllowedCarbohydrate", "AllowedFat") VALUES ('f765f5f6-44a8-49e0-a0e5-06d4068bb681', 1040, 26.854999999999997, 49.4, 3.64, 27, 53, 9);
INSERT INTO public."Meal" ("DayId", "Id", "Protein", "Carbohydrate", "Fat", "AllowedProtein", "AllowedCarbohydrate", "AllowedFat") VALUES ('f765f5f6-44a8-49e0-a0e5-06d4068bb681', 1041, 31.57, 52.970000000000006, 11.655, 27, 53, 9);
INSERT INTO public."Meal" ("DayId", "Id", "Protein", "Carbohydrate", "Fat", "AllowedProtein", "AllowedCarbohydrate", "AllowedFat") VALUES ('662d55ef-9b1c-435c-baec-6bdd69870abf', 1052, 20.020000000000003, 71.93, 12.700000000000001, 31, 57, 13);
INSERT INTO public."Meal" ("DayId", "Id", "Protein", "Carbohydrate", "Fat", "AllowedProtein", "AllowedCarbohydrate", "AllowedFat") VALUES ('662d55ef-9b1c-435c-baec-6bdd69870abf', 1053, 27.415000000000003, 49.03, 3.86, 27, 53, 9);
INSERT INTO public."Meal" ("DayId", "Id", "Protein", "Carbohydrate", "Fat", "AllowedProtein", "AllowedCarbohydrate", "AllowedFat") VALUES ('662d55ef-9b1c-435c-baec-6bdd69870abf', 1054, 22.799999999999997, 40.730000000000004, 5.59, 27, 53, 9);
INSERT INTO public."Meal" ("DayId", "Id", "Protein", "Carbohydrate", "Fat", "AllowedProtein", "AllowedCarbohydrate", "AllowedFat") VALUES ('662d55ef-9b1c-435c-baec-6bdd69870abf', 1055, 26.854999999999997, 49.4, 3.64, 27, 53, 9);
INSERT INTO public."Meal" ("DayId", "Id", "Protein", "Carbohydrate", "Fat", "AllowedProtein", "AllowedCarbohydrate", "AllowedFat") VALUES ('662d55ef-9b1c-435c-baec-6bdd69870abf', 1056, 31.57, 52.970000000000006, 11.655, 27, 53, 9);
INSERT INTO public."Meal" ("DayId", "Id", "Protein", "Carbohydrate", "Fat", "AllowedProtein", "AllowedCarbohydrate", "AllowedFat") VALUES ('38c0e941-dd93-451d-a033-5d7cc22d1061', 1057, 32.615, 68.51, 13.69, 31, 57, 13);
INSERT INTO public."Meal" ("DayId", "Id", "Protein", "Carbohydrate", "Fat", "AllowedProtein", "AllowedCarbohydrate", "AllowedFat") VALUES ('38c0e941-dd93-451d-a033-5d7cc22d1061', 1058, 26.965000000000003, 38.68, 3.815, 27, 53, 9);
INSERT INTO public."Meal" ("DayId", "Id", "Protein", "Carbohydrate", "Fat", "AllowedProtein", "AllowedCarbohydrate", "AllowedFat") VALUES ('38c0e941-dd93-451d-a033-5d7cc22d1061', 1059, 24.520000000000003, 47.566, 4.6899999999999995, 27, 53, 9);
INSERT INTO public."Meal" ("DayId", "Id", "Protein", "Carbohydrate", "Fat", "AllowedProtein", "AllowedCarbohydrate", "AllowedFat") VALUES ('38c0e941-dd93-451d-a033-5d7cc22d1061', 1060, 21.82, 32.981, 3.87, 27, 53, 9);
INSERT INTO public."Meal" ("DayId", "Id", "Protein", "Carbohydrate", "Fat", "AllowedProtein", "AllowedCarbohydrate", "AllowedFat") VALUES ('38c0e941-dd93-451d-a033-5d7cc22d1061', 1061, 28.660000000000004, 51.77, 11.594999999999999, 27, 53, 9);


